{
  "id": "iris-fabric-loader-0.14.24-1.18.2",
  "inheritsFrom": "1.18.2",
  "time": "2023-12-06T14:11:40+01:00",
  "releaseTime": "2023-12-06T14:11:40+01:00",
  "type": "release",
  "mainClass": "net.fabricmc.loader.impl.launch.knot.KnotClient",
  "minimumLauncherVersion": 0,
  "arguments": {
    "jvm": [
      {
        "values": [
          "-DFabricMcEmu= net.minecraft.client.main.Main "
        ]
      },
      {
        "values": [
          "-Diris.installer=true"
        ]
      }
    ],
    "game": []
  },
  "assets": "legacy",
  "libraries": [
    {
      "name": "net.fabricmc:tiny-mappings-parser:0.3.0+build.17",
      "url": "https://maven.fabricmc.net/"
    },
    {
      "name": "net.fabricmc:sponge-mixin:0.12.5+mixin.0.8.5",
      "url": "https://maven.fabricmc.net/"
    },
    {
      "name": "net.fabricmc:tiny-remapper:0.8.2",
      "url": "https://maven.fabricmc.net/"
    },
    {
      "name": "net.fabricmc:access-widener:2.1.0",
      "url": "https://maven.fabricmc.net/"
    },
    {
      "name": "org.ow2.asm:asm:9.6",
      "url": "https://maven.fabricmc.net/"
    },
    {
      "name": "org.ow2.asm:asm-analysis:9.6",
      "url": "https://maven.fabricmc.net/"
    },
    {
      "name": "org.ow2.asm:asm-commons:9.6",
      "url": "https://maven.fabricmc.net/"
    },
    {
      "name": "org.ow2.asm:asm-tree:9.6",
      "url": "https://maven.fabricmc.net/"
    },
    {
      "name": "org.ow2.asm:asm-util:9.6",
      "url": "https://maven.fabricmc.net/"
    },
    {
      "name": "net.fabricmc:intermediary:1.18.2",
      "url": "https://maven.fabricmc.net/"
    },
    {
      "name": "net.coderbot:iris-loader:0.14.24",
      "url": "https://github.com/yannje/A-Launcher-File/raw/main/Iris-Loader/"
    }
  ],
  "logging": {
    "client": {
      "argument": "-Dlog4j.configurationFile=${path}",
      "file": {
        "id": "client-1.12.xml",
        "sha1": "bd65e7d2e3c237be76cfbef4c2405033d7f91521",
        "size": 888,
        "url": "https://launcher.mojang.com/v1/objects/bd65e7d2e3c237be76cfbef4c2405033d7f91521/client-1.12.xml"
      },
      "type": "log4j2-xml"
    }
  }
}