{"inheritsFrom":"1.20.1","releaseTime":"2023-12-06T07:21:30+0000","mainClass":"net.fabricmc.loader.impl.launch.knot.KnotClient","libraries":[{"name":"net.fabricmc:tiny-mappings-parser:0.3.0+build.17","url":"https://maven.fabricmc.net/"},{"name":"net.fabricmc:sponge-mixin:0.12.5+mixin.0.8.5","url":"https://maven.fabricmc.net/"},{"name":"net.fabricmc:tiny-remapper:0.8.2","url":"https://maven.fabricmc.net/"},{"name":"net.fabricmc:access-widener:2.1.0","url":"https://maven.fabricmc.net/"},{"name":"org.ow2.asm:asm:9.6","url":"https://maven.fabricmc.net/"},{"name":"org.ow2.asm:asm-analysis:9.6","url":"https://maven.fabricmc.net/"},{"name":"org.ow2.asm:asm-commons:9.6","url":"https://maven.fabricmc.net/"},{"name":"org.ow2.asm:asm-tree:9.6","url":"https://maven.fabricmc.net/"},{"name":"org.ow2.asm:asm-util:9.6","url":"https://maven.fabricmc.net/"},{"name":"net.fabricmc:intermediary:1.20.1","url":"https://maven.fabricmc.net/"},{"name":"net.coderbot:iris-loader:0.14.24","url":"https://github.com/yannje/A-Launcher-File/raw/main/Iris-Loader/"}],"arguments":{"jvm":["-DFabricMcEmu= net.minecraft.client.main.Main ","-Diris.installer=true"],"game":[]},"id":"Iris-1.20.1","time":"2023-12-06T07:21:30+0000","type":"Sodium+Iris"}